feature,mean_shap,importance,correlation,direction,proposed_strategy,from_value,to_value,rank
V4,-0.00010583034057455693,0.005687516763375617,0.9886655448780653,Positive,Modify V4 from 1.0 to 2.0,1.0,2.0,1
V1,-1.8557309821079337e-05,0.0007097024192991355,0.5020964483880154,Positive,Modify V1 from 0.0 to 3.0,0.0,3.0,2
V5,-0.0001562188543829874,0.002036330760262988,0.4138470664993077,Positive,Modify V5 from 1.0 to 4.0,1.0,4.0,3
V6,1.6348127840698063e-05,0.00017223321205193977,0.3351770140760919,Positive,Modify V6 from 1.0 to 4.0,1.0,4.0,4
V2,-2.1332941094010377e-05,0.0007339928144506716,0.11393133807276824,Positive,Increase V2 by 13.36 for values below 25.83,23.577585109999998,36.93863654,5
V3,3.8860688559817816e-05,0.0017373300784993184,-0.8135990896028241,Negative,Decrease V3 by 2.77 for values above 1.02,1.43225023,-1.338239,6
V7,3.80654619609216e-05,0.0003177397480415096,-0.8863278985873235,Negative,Modify V7 from 2.0 to 1.0,2.0,1.0,7
