feature,mean_shap,importance,correlation,direction,proposed_strategy,from_value,to_value,rank
V4,-1.0558291621538003e-05,0.00335112561444992,0.6130542386822034,Positive,Modify V4 from 1.0 to 2.0,1.0,2.0,1
V5,1.1475633412831532e-05,0.0008223011588360924,0.12230149821842905,Positive,Modify V5 from 1.0 to 4.0,1.0,4.0,2
V7,-5.870272498182338e-07,0.0006985054132562286,-0.022442845658629407,Negative,Modify V7 from 2.0 to 1.0,2.0,1.0,3
V2,2.2168387752093412e-05,0.0030328742274728965,-0.03430002216243248,Negative,Decrease V2 by 12.79 for values above 34.20,36.373655299999996,23.57878651,4
V6,3.3367108117180454e-07,0.002323339577018582,-0.451258748589846,Negative,Modify V6 from 4.0 to 1.0,4.0,1.0,5
V1,-1.1138841470033056e-05,0.0011284053868771539,-0.5387832391371636,Negative,Modify V1 from 3.0 to 0.0,3.0,0.0,6
V3,-1.1693531904745192e-05,0.006572983487246965,-0.687879642014848,Negative,Decrease V3 by 2.77 for values above 1.00,1.34567245,-1.4248168,7
