feature,mean_shap,importance,correlation,direction,proposed_strategy,from_value,to_value,rank
V4,0.006575724617182231,0.043487740476838364,0.817083063260031,Positive,Modify V4 from 1.0 to 2.0,1.0,2.0,1
V6,0.0013624527180187266,0.01913413436541886,0.580275709147996,Positive,Modify V6 from 1.0 to 4.0,1.0,4.0,2
V1,-0.004788097726178161,0.018026883714572423,0.4324670436837069,Positive,Modify V1 from 0.0 to 3.0,0.0,3.0,3
V2,-0.0016515416361843776,0.013436049065059848,0.3515409211160047,Positive,Increase V2 by 12.96 for values below 26.06,23.60942943,36.57014766,4
V5,0.0026273662049237706,0.01827920403509282,0.24837333207257697,Positive,Modify V5 from 1.0 to 4.0,1.0,4.0,5
V7,-0.0006628263931550099,0.030290366050045824,-0.7026717171910221,Negative,Modify V7 from 2.0 to 1.0,2.0,1.0,6
V3,0.00477581531040778,0.030635132292585156,-0.7936408992637664,Negative,Decrease V3 by 2.68 for values above 1.09,1.34567245,-1.338239,7
